Neighborhood,Neighborhood Latitude,Neighborhood Longitude,Venue,Venue Latitude,Venue Longitude,Venue Category
Aldgate,51.514884613961875,-0.07835558216724178,1Rebel,51.51556902561045,-0.08003982008326857,Gym / Fitness Center
Aldgate,51.514884613961875,-0.07835558216724178,Swingers - The Crazy Golf Club,51.51420157362574,-0.08038336701107841,Mini Golf
Aldgate,51.514884613961875,-0.07835558216724178,The Association,51.513732512603596,-0.0791316925995283,Coffee Shop
Aldgate,51.514884613961875,-0.07835558216724178,Katsu Wrap,51.515882835396425,-0.0778485809876564,Food Truck
Aldgate,51.514884613961875,-0.07835558216724178,SUSHISAMBA,51.51615630221785,-0.08116868702927604,Sushi Restaurant
Aldgate,51.514884613961875,-0.07835558216724178,Dorsett City London,51.514035933296014,-0.07581156452943104,Hotel
Aldgate,51.514884613961875,-0.07835558216724178,Duck & Waffle,51.516108085718514,-0.08092590729047038,Cocktail Bar
Aldgate,51.514884613961875,-0.07835558216724178,Devonshire Club,51.51635056243247,-0.07784831056051189,Hotel
Aldgate,51.514884613961875,-0.07835558216724178,The Alchemist,51.51513452901846,-0.07960858854147775,Cocktail Bar
Aldgate,51.514884613961875,-0.07835558216724178,Farmer J,51.513605,-0.080783,Salad Place
Aldgate,51.514884613961875,-0.07835558216724178,Discount Suit Company,51.516705,-0.07550586,Cocktail Bar
Aldgate,51.514884613961875,-0.07835558216724178,KERB Gherkin,51.51480339520803,-0.08064315740733644,Street Food Gathering
Aldgate,51.514884613961875,-0.07835558216724178,Benk + Bo,51.515731,-0.075875,Bakery
Aldgate,51.514884613961875,-0.07835558216724178,Tifinbox,51.51634524607388,-0.07719514759508633,Indian Restaurant
Aldgate,51.514884613961875,-0.07835558216724178,Planet Organic,51.51682682050462,-0.0786356082195597,Organic Grocery
Aldgate,51.514884613961875,-0.07835558216724178,Mattarello,51.51551833497089,-0.07543409709871418,Italian Restaurant
Aldgate,51.514884613961875,-0.07835558216724178,The Japanese Canteen,51.513775,-0.079079,Japanese Restaurant
Aldgate,51.514884613961875,-0.07835558216724178,My Old Place,51.516827249973375,-0.07693207663488379,Szechuan Restaurant
Aldgate,51.514884613961875,-0.07835558216724178,HELIX Restaurant,51.514487831810285,-0.08036044975007965,Restaurant
Aldgate,51.514884613961875,-0.07835558216724178,Hotel Indigo,51.5127396,-0.0759204,Hotel
Aldgate,51.514884613961875,-0.07835558216724178,1n1 Fashion Pizza,51.516037,-0.075865276,Pizza Place
Aldgate,51.514884613961875,-0.07835558216724178,Walter And Monty,51.514729,-0.079948,Salad Place
Aldgate,51.514884613961875,-0.07835558216724178,Pizza Union,51.51769924196798,-0.07741630443960977,Pizza Place
Aldgate,51.514884613961875,-0.07835558216724178,Bife,51.5157,-0.0754378,Argentinian Restaurant
Aldgate,51.514884613961875,-0.07835558216724178,Haz,51.51602223003937,-0.0785640044703027,Middle Eastern Restaurant
Aldgate,51.514884613961875,-0.07835558216724178,Notes Coffee Roaster & Wine Bar,51.5146434225322,-0.0806714225142771,Coffee Shop
Aldgate,51.514884613961875,-0.07835558216724178,The Ivy City Garden,51.516493529502554,-0.08159987555896221,English Restaurant
Aldgate,51.514884613961875,-0.07835558216724178,Fazenda,51.516169,-0.077414,Coffee Shop
Aldgate,51.514884613961875,-0.07835558216724178,The Gherkin,51.514458,-0.08023828,English Restaurant
Aldgate,51.514884613961875,-0.07835558216724178,Kastner & Ovens,51.517913,-0.076465,Café
Aldgate,51.514884613961875,-0.07835558216724178,Honest Burgers,51.51801125179085,-0.07803758602824473,Burger Joint
Aldgate,51.514884613961875,-0.07835558216724178,Assenheims 56,51.51622769896436,-0.08245797628094173,South American Restaurant
Aldgate,51.514884613961875,-0.07835558216724178,Devonshire Square,51.51686663289739,-0.07863534498089295,Plaza
Aldgate,51.514884613961875,-0.07835558216724178,Andaz London Liverpool Street - a concept by Hyatt,51.517212518524346,-0.08164485014121342,Hotel
Aldgate,51.514884613961875,-0.07835558216724178,Ottolenghi,51.51827179652063,-0.07717729864282495,Mediterranean Restaurant
Aldgate,51.514884613961875,-0.07835558216724178,Hotel Motel One London-Tower Hill,51.51263523122936,-0.07551347682886426,Hotel
Aldgate,51.514884613961875,-0.07835558216724178,New Street Wine,51.51733492613963,-0.07985713737762218,Wine Shop
Aldgate,51.514884613961875,-0.07835558216724178,The Garden at 120,51.512101155839204,-0.08079886436462401,Garden
Aldgate,51.514884613961875,-0.07835558216724178,The Hummingbird Bakery,51.517817201585736,-0.07684080590807907,Cupcake Shop
Aldgate,51.514884613961875,-0.07835558216724178,Nude Espresso,51.51689353282747,-0.07548224175122176,Coffee Shop
Aldgate,51.514884613961875,-0.07835558216724178,The Breakfast Club,51.518386,-0.078784,Breakfast Spot
Aldgate,51.514884613961875,-0.07835558216724178,Three Uncles,51.516792,-0.080168,Cantonese Restaurant
Aldgate,51.514884613961875,-0.07835558216724178,Jin Bo Law,51.51420306,-0.07587914,Cocktail Bar
Aldgate,51.514884613961875,-0.07835558216724178,Omnino,51.51329283951981,-0.07829723507394994,Steakhouse
Aldgate,51.514884613961875,-0.07835558216724178,The Mayor of Scaredy Cat Town,51.518523925994096,-0.07888216290448638,Speakeasy
Aldgate,51.514884613961875,-0.07835558216724178,Trade Coffee,51.51742984794298,-0.0738139834766954,Coffee Shop
Aldgate,51.514884613961875,-0.07835558216724178,Franco Manca,51.517883,-0.078171305,Pizza Place
Aldgate,51.514884613961875,-0.07835558216724178,IRIS Bar,51.51446,-0.080264,Cocktail Bar
Aldgate,51.514884613961875,-0.07835558216724178,Willis Towers Watson,51.512622052323394,-0.08142683877719897,Office
Aldgate,51.514884613961875,-0.07835558216724178,The Culpeper,51.5168755835082,-0.07307136069367991,Pub
Aldgate,51.514884613961875,-0.07835558216724178,PureGym,51.51447478691898,-0.07717315638621487,Gym / Fitness Center
Aldgate,51.514884613961875,-0.07835558216724178,Crispin,51.51823466128597,-0.07626475897921868,Coffee Shop
Aldgate,51.514884613961875,-0.07835558216724178,City Social,51.51511903438918,-0.08341495048569977,Restaurant
Aldgate,51.514884613961875,-0.07835558216724178,Anokha,51.51375482882119,-0.07923020156645716,Indian Restaurant
Aldgate,51.514884613961875,-0.07835558216724178,Gunpowder,51.518436325253475,-0.0747323376373174,Indian Restaurant
Aldgate,51.514884613961875,-0.07835558216724178,Leadenhall Market,51.51274548988406,-0.08352398872375488,Market
Aldgate,51.514884613961875,-0.07835558216724178,1901,51.51743758938789,-0.08188395797904834,Breakfast Spot
Aldgate,51.514884613961875,-0.07835558216724178,Black Sheep Coffee,51.51399012605527,-0.07545866603170544,Coffee Shop
Aldgate,51.514884613961875,-0.07835558216724178,The English Wine and Spirits Company,51.516877,-0.080368,Wine Bar
Aldgate,51.514884613961875,-0.07835558216724178,Leon,51.51192630724874,-0.07971828342287393,Fast Food Restaurant
Aldgate,51.514884613961875,-0.07835558216724178,The Craft Beer Co.,51.513859979805055,-0.07849661112357201,Beer Bar
Aldgate,51.514884613961875,-0.07835558216724178,HotBox,51.51716181724916,-0.07335944423861195,BBQ Joint
Aldgate,51.514884613961875,-0.07835558216724178,Vita Mojo,51.51892507419836,-0.07767617007366469,Salad Place
Aldgate,51.514884613961875,-0.07835558216724178,Enoteca Supertuscan,51.51821893634598,-0.07714343995917375,Wine Bar
Aldgate,51.514884613961875,-0.07835558216724178,Xi’an Biang Biang Noodles,51.51683661061507,-0.0732492150182077,Chinese Restaurant
Aldgate,51.514884613961875,-0.07835558216724178,DoubleTree by Hilton,51.51099871345703,-0.07830645679816081,Hotel
Aldgate,51.514884613961875,-0.07835558216724178,Curators Coffee Studio,51.51208477262919,-0.08256764741690477,Coffee Shop
Aldgate,51.514884613961875,-0.07835558216724178,Haz Restaurant,51.515542025051815,-0.08223122072221635,Turkish Restaurant
Aldgate,51.514884613961875,-0.07835558216724178,Som Saa,51.517368115600284,-0.07354676556538084,Thai Restaurant
Aldgate,51.514884613961875,-0.07835558216724178,Virgin Active,51.514444752021404,-0.08530229330062866,Gym / Fitness Center
Aldgate,51.514884613961875,-0.07835558216724178,Savage Garden,51.510899106412666,-0.07823066248372,Hotel Bar
Aldgate,51.514884613961875,-0.07835558216724178,Virgin Active,51.51180363322763,-0.07458901130417583,Gym / Fitness Center
Aldgate,51.514884613961875,-0.07835558216724178,Eat Saigon,51.51820309473723,-0.07457031714856988,Vietnamese Restaurant
Aldgate,51.514884613961875,-0.07835558216724178,Pret A Manger,51.51455003850821,-0.08105936518356953,Sandwich Place
Aldgate,51.514884613961875,-0.07835558216724178,Haz Restaurant,51.51117749691772,-0.08139009792383607,Turkish Restaurant
Aldgate,51.514884613961875,-0.07835558216724178,Bubala,51.51773,-0.073943,Middle Eastern Restaurant
Aldgate,51.514884613961875,-0.07835558216724178,Canto Corvino,51.5185407185002,-0.07840717394849966,Italian Restaurant
Aldgate,51.514884613961875,-0.07835558216724178,Cafe Brera,51.51206569946578,-0.07948061195864085,Café
Aldgate,51.514884613961875,-0.07835558216724178,Yuu Kitchen,51.51634090684156,-0.0729668140411377,Asian Restaurant
Aldgate,51.514884613961875,-0.07835558216724178,Grapeshots,51.518157460847966,-0.07760219226128609,Bar
Aldgate,51.514884613961875,-0.07835558216724178,The Williams Ale & Cider House,51.51851732099483,-0.07844675731529265,Pub
Aldgate,51.514884613961875,-0.07835558216724178,Wahaca,51.51800186473757,-0.07841420018217037,Mexican Restaurant
Aldgate,51.514884613961875,-0.07835558216724178,Bishopsgate Institute,51.5188740389488,-0.07911427474110194,Historic Site
Aldgate,51.514884613961875,-0.07835558216724178,Cundall & Garcia,51.51921357771155,-0.07690059966887373,Deli / Bodega
Aldgate,51.514884613961875,-0.07835558216724178,Olives & Figs,51.5181727588543,-0.07756756118032561,Middle Eastern Restaurant
Aldgate,51.514884613961875,-0.07835558216724178,Flavour Garden,51.511092905004745,-0.07958650588989258,Restaurant
Aldgate,51.514884613961875,-0.07835558216724178,Vertigo 42,51.515344033238605,-0.08409513370713459,Champagne Bar
Aldgate,51.514884613961875,-0.07835558216724178,Pilpel Falafel,51.51909848621259,-0.07712982733096684,Falafel Restaurant
Aldgate,51.514884613961875,-0.07835558216724178,Badolina,51.51826801216535,-0.07982395758820122,Mediterranean Restaurant
Aldgate,51.514884613961875,-0.07835558216724178,Pilpel,51.512326096112936,-0.08408463652770591,Falafel Restaurant
Aldgate,51.514884613961875,-0.07835558216724178,The Astronomer,51.51793950933359,-0.07880447055231343,Pub
Aldgate,51.514884613961875,-0.07835558216724178,Black Sheep Coffee,51.51506638659019,-0.07212602182936691,Coffee Shop
Aldgate,51.514884613961875,-0.07835558216724178,Piada,51.51469593862313,-0.08482728167491005,Italian Restaurant
Aldgate,51.514884613961875,-0.07835558216724178,Sakana Sushi Japanese Kitchen,51.51724025437223,-0.07345280003618347,Sushi Restaurant
Aldgate,51.514884613961875,-0.07835558216724178,Bedales,51.51210048892236,-0.08376242501448604,Wine Bar
Aldgate,51.514884613961875,-0.07835558216724178,Thai Square,51.51245347166384,-0.07562590584204959,Thai Restaurant
Aldgate,51.514884613961875,-0.07835558216724178,DW Fitness First,51.51149594371544,-0.07603401755903114,Gym / Fitness Center
Aldgate,51.514884613961875,-0.07835558216724178,Lush,51.517902801492,-0.08228435651306659,Cosmetics Shop
Aldgate,51.514884613961875,-0.07835558216724178,Skylight Cafe,51.5179847129543,-0.07402495989615611,Café
Aldgate,51.514884613961875,-0.07835558216724178,Spianata & Co.,51.519145240402125,-0.07699986520815381,Café
Barbican,51.51965966670089,-0.09546611691366637,Barbican Centre,51.519855,-0.093942,Performing Arts Venue
Barbican,51.51965966670089,-0.09546611691366637,Barbican Art Gallery,51.519799557371044,-0.093968703496289,Art Gallery
Barbican,51.51965966670089,-0.09546611691366637,Barbican Concert Hall,51.519632262755046,-0.09366137745382495,Concert Hall
Barbican,51.51965966670089,-0.09546611691366637,Barbican Theatre,51.51972176714491,-0.09360561617624982,Theater
Barbican,51.51965966670089,-0.09546611691366637,Barbican Conservatory,51.51985862219709,-0.093201833945014,Botanical Garden
Barbican,51.51965966670089,-0.09546611691366637,Museum of London,51.518019,-0.09606,History Museum
Barbican,51.51965966670089,-0.09546611691366637,Virgin Active,51.517951574944,-0.09765118360519409,Gym / Fitness Center
Barbican,51.51965966670089,-0.09546611691366637,Barbican Cinemas 2&3,51.52107320464917,-0.09297898897784762,Indie Movie Theater
Barbican,51.51965966670089,-0.09546611691366637,Barbican Highwalk,51.518427051779,-0.09505111975997232,Scenic Lookout
Barbican,51.51965966670089,-0.09546611691366637,Barbican Cinema 1,51.51977328038166,-0.09354440073366277,Indie Movie Theater
Barbican,51.51965966670089,-0.09546611691366637,Virgin Active,51.5202984,-0.0970355,Gym / Fitness Center
Barbican,51.51965966670089,-0.09546611691366637,The Curve,51.51961341228371,-0.09362104457648,Art Gallery
Barbican,51.51965966670089,-0.09546611691366637,Giddy Up,51.52219052910773,-0.09346951322009339,Coffee Shop
Barbican,51.51965966670089,-0.09546611691366637,Lakeside Terrace,51.51948480968239,-0.09402429507516484,Lake
Barbican,51.51965966670089,-0.09546611691366637,Dose Espresso,51.51955256686316,-0.09940568990321098,Coffee Shop
Barbican,51.51965966670089,-0.09546611691366637,Barbican Garden,51.51931222434234,-0.09275238371765825,Garden
Barbican,51.51965966670089,-0.09546611691366637,St Bartholomew the Great (St Bartholomew-the-Great),51.51863075215108,-0.09989039472471607,Church
Barbican,51.51965966670089,-0.09546611691366637,The Old Red Cow,51.51960714725316,-0.09915653866018344,Beer Bar
Barbican,51.51965966670089,-0.09546611691366637,Postman's Park,51.51685979391399,-0.09764256711433734,Park
Barbican,51.51965966670089,-0.09546611691366637,the Charterhouse London,51.52085011894743,-0.09930472100613773,Museum
Barbican,51.51965966670089,-0.09546611691366637,The Jugged Hare,51.520945,-0.092302,Gastropub
Barbican,51.51965966670089,-0.09546611691366637,Original Bagel Bakery,51.52237930442996,-0.09764091719646215,Bagel Shop
Barbican,51.51965966670089,-0.09546611691366637,Redemption Roasters,51.51919,-0.100248,Coffee Shop
Barbican,51.51965966670089,-0.09546611691366637,Ask For Janice,51.5191279178009,-0.10037390033325926,Modern European Restaurant
Barbican,51.51965966670089,-0.09546611691366637,Club Gascon,51.518541,-0.100462,French Restaurant
Barbican,51.51965966670089,-0.09546611691366637,St. John Bar and Restaurant,51.520437,-0.101382,English Restaurant
Barbican,51.51965966670089,-0.09546611691366637,Whitecross Street Market,51.52348342351405,-0.09317372951900009,Street Food Gathering
Barbican,51.51965966670089,-0.09546611691366637,Fix Coffee,51.523333,-0.09326,Coffee Shop
Barbican,51.51965966670089,-0.09546611691366637,Waitrose & Partners,51.52220708,-0.09199505,Supermarket
Barbican,51.51965966670089,-0.09546611691366637,Studio Lagree,51.52104623311429,-0.0909532883328667,Gym / Fitness Center
Barbican,51.51965966670089,-0.09546611691366637,The Salad Kitchen,51.52360697869161,-0.09326681635567674,Food Truck
Barbican,51.51965966670089,-0.09546611691366637,Half Cup,51.518015,-0.098654,Café
Barbican,51.51965966670089,-0.09546611691366637,Luardos,51.523161550239394,-0.09299224986124283,Food Truck
Barbican,51.51965966670089,-0.09546611691366637,Vinoteca,51.52008495720619,-0.10178042563655973,Wine Bar
Barbican,51.51965966670089,-0.09546611691366637,look mum no hands!,51.52391526846245,-0.09689680426868409,Bike Shop
Barbican,51.51965966670089,-0.09546611691366637,Benugo Cafe,51.52084225583265,-0.09269129586755298,Café
Barbican,51.51965966670089,-0.09546611691366637,Fare Bar and Canteen,51.52347633867392,-0.09806227777518814,Café
Barbican,51.51965966670089,-0.09546611691366637,The Rookery Hotel,51.520094284456896,-0.10246411215579364,Hotel
Barbican,51.51965966670089,-0.09546611691366637,Guildhall School of Music & Drama,51.519774448562565,-0.09172820752805005,Concert Hall
Barbican,51.51965966670089,-0.09546611691366637,Christ Church Greyfriars Garden,51.51566979481579,-0.09875984044493062,Garden
Barbican,51.51965966670089,-0.09546611691366637,The Refinery Citypoint,51.519491,-0.089993,Building
Barbican,51.51965966670089,-0.09546611691366637,The Iskelé,51.523967412896695,-0.0934525460298217,Turkish Restaurant
Barbican,51.51965966670089,-0.09546611691366637,Barbican Kitchen,51.51933852881439,-0.0935402636649541,Café
Barbican,51.51965966670089,-0.09546611691366637,Beijummy,51.5228690834846,-0.09278462652032804,Food Stand
Barbican,51.51965966670089,-0.09546611691366637,Pham Sushi,51.52343080881136,-0.09314279548812773,Sushi Restaurant
Barbican,51.51965966670089,-0.09546611691366637,Hoxton Beach Falafel,51.52410974983627,-0.09496444551866091,Food Truck
Barbican,51.51965966670089,-0.09546611691366637,The Gibson,51.52401244929952,-0.09646012193125143,Cocktail Bar
Barbican,51.51965966670089,-0.09546611691366637,The Wild Game Co.,51.52299227782073,-0.09281928980749479,Food Truck
Barbican,51.51965966670089,-0.09546611691366637,Sunny's Olive Tree,51.52360309629091,-0.09295353828622617,Food Truck
Barbican,51.51965966670089,-0.09546611691366637,Pham Sushi,51.5195638203108,-0.0904632148412314,Sushi Restaurant
Barbican,51.51965966670089,-0.09546611691366637,Apulia,51.51905607465957,-0.10047380465345034,Italian Restaurant
Barbican,51.51965966670089,-0.09546611691366637,Notes Coffee & Wine,51.51920196046105,-0.08949557823320635,Coffee Shop
Barbican,51.51965966670089,-0.09546611691366637,City Point Health Club,51.51957518480597,-0.0888806708581379,Gym
Barbican,51.51965966670089,-0.09546611691366637,Martini Bar,51.519501856794705,-0.09389596750490198,Cocktail Bar
Barbican,51.51965966670089,-0.09546611691366637,Manicomio,51.51536891323096,-0.09541400116488372,Italian Restaurant
Barbican,51.51965966670089,-0.09546611691366637,Digme Fitness,51.51824415936594,-0.09074380686786175,Cycle Studio
Barbican,51.51965966670089,-0.09546611691366637,Beany Green,51.520837594961364,-0.0906342876565622,Coffee Shop
Barbican,51.51965966670089,-0.09546611691366637,The Turkish Gozleme Company,51.5228077416949,-0.09278980197319958,Turkish Restaurant
Barbican,51.51965966670089,-0.09546611691366637,The Montcalm at The Brewery,51.52092377268858,-0.0915709419358748,Hotel
Barbican,51.51965966670089,-0.09546611691366637,Chop'd,51.51969679214864,-0.08948389739322493,Salad Place
Barbican,51.51965966670089,-0.09546611691366637,Côte,51.52094285464694,-0.09249644263831096,French Restaurant
Barbican,51.51965966670089,-0.09546611691366637,Fortune Street Park,51.52216790914869,-0.09370496335942312,Park
Barbican,51.51965966670089,-0.09546611691366637,Notes Coffee Barrows,51.51940680606984,-0.08925449114139286,Coffee Shop
Barbican,51.51965966670089,-0.09546611691366637,Cafe Passione,51.52211560134039,-0.09232721970253249,Sandwich Place
Barbican,51.51965966670089,-0.09546611691366637,Kennedy's,51.52367600780855,-0.093329390937727,Fish & Chips Shop
Barbican,51.51965966670089,-0.09546611691366637,Roast Of Sherwood,51.523298479833095,-0.09305785050814147,BBQ Joint
Barbican,51.51965966670089,-0.09546611691366637,London City Suites,51.52096894506349,-0.09188858476550633,Hotel
Barbican,51.51965966670089,-0.09546611691366637,New East House,51.52353747296507,-0.09317897894329229,Chinese Restaurant
Barbican,51.51965966670089,-0.09546611691366637,Osteria,51.519273252204464,-0.09371849029256492,Italian Restaurant
Barbican,51.51965966670089,-0.09546611691366637,Caterina 55,51.51943652301163,-0.09044343947894795,Italian Restaurant
Barbican,51.51965966670089,-0.09546611691366637,Bibento,51.52363877460812,-0.09328086166814917,Food Truck
Barbican,51.51965966670089,-0.09546611691366637,Chiswell Street Dining Rooms,51.52080854099942,-0.0907007036314477,Gastropub
Barbican,51.51965966670089,-0.09546611691366637,Pret A Manger,51.51722138972033,-0.09389303656315383,Sandwich Place
Barbican,51.51965966670089,-0.09546611691366637,Spagbowl,51.519165113470315,-0.08984740370959958,Italian Restaurant
Barbican,51.51965966670089,-0.09546611691366637,Citypoint Plaza,51.51955988477053,-0.08891080088044989,Plaza
Barbican,51.51965966670089,-0.09546611691366637,City Boot,51.51758271194066,-0.09093761444091797,Restaurant
Barbican,51.51965966670089,-0.09546611691366637,Costa Coffee,51.519667854790505,-0.08905912702772378,Coffee Shop
Barbican,51.51965966670089,-0.09546611691366637,Pret A Manger,51.52213078905256,-0.09242092117117316,Sandwich Place
Barbican,51.51965966670089,-0.09546611691366637,Market Cafe,51.52394255131163,-0.09345743031482144,Breakfast Spot
Blackfriars,51.51076655308503,-0.10160668872815552,Alchemy,51.51346634095393,-0.10268671563742088,Coffee Shop
Blackfriars,51.51076655308503,-0.10160668872815552,FCB Coffee,51.50857847937478,-0.10281580935644521,Coffee Shop
Blackfriars,51.51076655308503,-0.10160668872815552,Falafel,51.513237443617705,-0.10147347513020413,Falafel Restaurant
Blackfriars,51.51076655308503,-0.10160668872815552,Founder's Arms,51.5085630390231,-0.10133310079708491,Pub
Blackfriars,51.51076655308503,-0.10160668872815552,Assenheims 56,51.51350724450921,-0.10275160169272117,South American Restaurant
Blackfriars,51.51076655308503,-0.10160668872815552,Tate Modern,51.50770408386703,-0.0994563102722168,Art Museum
Blackfriars,51.51076655308503,-0.10160668872815552,Mangio,51.51252378066168,-0.09829163765233369,Italian Restaurant
Blackfriars,51.51076655308503,-0.10160668872815552,The Blackfriar,51.51214288759483,-0.103721022605896,Pub
Blackfriars,51.51076655308503,-0.10160668872815552,Tate Modern Viewing Level,51.50740275665009,-0.10011179066153776,Scenic Lookout
Blackfriars,51.51076655308503,-0.10160668872815552,Bankside Beach,51.50840857876848,-0.10007858276367188,Beach
Blackfriars,51.51076655308503,-0.10160668872815552,Turbine Hall,51.50781286613509,-0.09945448753074253,Art Museum
Blackfriars,51.51076655308503,-0.10160668872815552,Blavatnik Building,51.50744699059763,-0.09992837905883789,Art Museum
Blackfriars,51.51076655308503,-0.10160668872815552,Shakespeare's Globe Theatre,51.508099,-0.09715,Theater
Blackfriars,51.51076655308503,-0.10160668872815552,Stationers' Hall,51.51429151970341,-0.10148728339796034,Event Space
Blackfriars,51.51076655308503,-0.10160668872815552,Members Bar,51.507783592819315,-0.09936817252040796,Bar
Blackfriars,51.51076655308503,-0.10160668872815552,The Wren,51.51204901406224,-0.0967987358657121,Coffee Shop
Blackfriars,51.51076655308503,-0.10160668872815552,DW Fitness First,51.51177920183269,-0.09713908858322319,Gym / Fitness Center
Blackfriars,51.51076655308503,-0.10160668872815552,Sea Containers London,51.5084036,-0.1067988,Hotel
Blackfriars,51.51076655308503,-0.10160668872815552,City of London Distillery,51.51398752927309,-0.10488527018294462,Distillery
Blackfriars,51.51076655308503,-0.10160668872815552,Humble Grape,51.513482567091025,-0.10565818189642613,Wine Bar
Blackfriars,51.51076655308503,-0.10160668872815552,Lyaness,51.508575660919774,-0.10672461761857766,Cocktail Bar
Blackfriars,51.51076655308503,-0.10160668872815552,Paul,51.514129500589036,-0.09930605995842512,Bakery
Blackfriars,51.51076655308503,-0.10160668872815552,12th Knot,51.508608,-0.106228,Cocktail Bar
Blackfriars,51.51076655308503,-0.10160668872815552,Riverside Walk,51.50870901905786,-0.10564267223681569,Pedestrian Plaza
Blackfriars,51.51076655308503,-0.10160668872815552,Swan at the Globe,51.508300156198516,-0.09650509851132029,Restaurant
Blackfriars,51.51076655308503,-0.10160668872815552,Franco Manca,51.513731,-0.100302,Pizza Place
Blackfriars,51.51076655308503,-0.10160668872815552,Tate Gallery Shop,51.50772077818504,-0.09947776794433594,Bookstore
Blackfriars,51.51076655308503,-0.10160668872815552,Indian City,51.513946,-0.104534,Indian Restaurant
Blackfriars,51.51076655308503,-0.10160668872815552,1Rebel South Bank,51.507973,-0.105807,Gym / Fitness Center
Blackfriars,51.51076655308503,-0.10160668872815552,Five Guys,51.51352,-0.10016877,Burger Joint
Blackfriars,51.51076655308503,-0.10160668872815552,Crussh,51.51459779991327,-0.10444210466462582,Juice Bar
Blackfriars,51.51076655308503,-0.10160668872815552,St Paul's Churchyard,51.513449906831404,-0.09717106819152832,Park
Blackfriars,51.51076655308503,-0.10160668872815552,Little Waitrose & Partners,51.50733438217989,-0.10574364011063153,Grocery Store
Blackfriars,51.51076655308503,-0.10160668872815552,Paternoster Square,51.51457231046296,-0.09922561200435193,Plaza
Blackfriars,51.51076655308503,-0.10160668872815552,GAIL's Bakery,51.50680605097336,-0.10060863952807352,Bakery
Blackfriars,51.51076655308503,-0.10160668872815552,Bridewell Theatre,51.51363069388228,-0.10509135026316131,Theater
Blackfriars,51.51076655308503,-0.10160668872815552,Goldman Sachs Rivercourt Gym,51.51434096107399,-0.1057454894667276,Gym / Fitness Center
Blackfriars,51.51076655308503,-0.10160668872815552,Sea Containers Restaurant,51.50853545346993,-0.10730981826782225,Seafood Restaurant
Blackfriars,51.51076655308503,-0.10160668872815552,The Old Bell Tavern,51.514068,-0.105233,Pub
Blackfriars,51.51076655308503,-0.10160668872815552,Natural Kitchen,51.51267305901415,-0.10695738023250892,Deli / Bodega
Blackfriars,51.51076655308503,-0.10160668872815552,Casella,51.513801824699826,-0.10627690703554356,Italian Restaurant
Blackfriars,51.51076655308503,-0.10160668872815552,Curzon Sea Containers,51.508213570828765,-0.1067841053009033,Movie Theater
Blackfriars,51.51076655308503,-0.10160668872815552,Beer Hawk South Bank,51.507795,-0.106827,Bar
Blackfriars,51.51076655308503,-0.10160668872815552,The Harrow,51.51300377344227,-0.10675173463414467,Pub
Blackfriars,51.51076655308503,-0.10160668872815552,Tempio,51.51176872325754,-0.10798359584319392,Italian Restaurant
Blackfriars,51.51076655308503,-0.10160668872815552,Hilliards,51.51258975981806,-0.10773857051791004,Café
Blackfriars,51.51076655308503,-0.10160668872815552,HMS President (1918),51.51060788145057,-0.10824015018755258,Boat or Ferry
Blackfriars,51.51076655308503,-0.10160668872815552,Jamies Wine Bar & Restaurant,51.512613905708996,-0.10815646677218246,Wine Bar
Blackfriars,51.51076655308503,-0.10160668872815552,itsu,51.51426577365584,-0.10606570489165354,Sushi Restaurant
Temple,51.511827906983775,-0.11165907992342378,Two Temple Place,51.511523025573624,-0.11223628412424885,History Museum
Temple,51.511827906983775,-0.11165907992342378,Temple Brew House,51.51294,-0.113029,Pub
Temple,51.511827906983775,-0.11165907992342378,Twinings,51.51342058021976,-0.11295487718369175,Tea Room
Temple,51.511827906983775,-0.11165907992342378,The Pig and Goose,51.51328712156263,-0.11327268421425365,French Restaurant
Temple,51.511827906983775,-0.11165907992342378,The Fleet Street Press,51.51371026031107,-0.11167758763191621,Coffee Shop
Temple,51.511827906983775,-0.11165907992342378,Inner Temple Garden,51.5125941002219,-0.11035478965541914,Garden
Temple,51.511827906983775,-0.11165907992342378,Apex Temple Court Hotel,51.513738211581575,-0.10887801319023883,Hotel
Temple,51.511827906983775,-0.11165907992342378,180 The Strand,51.512671386264635,-0.11500919299834307,Art Gallery
Temple,51.511827906983775,-0.11165907992342378,Temple Gardens,51.51115382347486,-0.11147184744160607,Park
Temple,51.511827906983775,-0.11165907992342378,The Edgar Wallace,51.51258527863651,-0.11281911311490778,Pub
Temple,51.511827906983775,-0.11165907992342378,The Z Hotel City,51.513941099756934,-0.11042312521837516,Hotel
Temple,51.511827906983775,-0.11165907992342378,The Honourable Society of the Inner Temple,51.51274367625176,-0.10971960246473686,Building
Temple,51.511827906983775,-0.11165907992342378,Gaucho,51.51406880816953,-0.11113110096782348,Argentinian Restaurant
Temple,51.511827906983775,-0.11165907992342378,Aldwych Underground Station (Disused),51.512386025685814,-0.11585230508813124,Historic Site
Temple,51.511827906983775,-0.11165907992342378,HQS Wellington,51.51067924940085,-0.11221419859319487,Boat or Ferry
Temple,51.511827906983775,-0.11165907992342378,The Southbank Observation Point,51.50829670344467,-0.11118003368266494,Scenic Lookout
Temple,51.511827906983775,-0.11165907992342378,The Queen's Walk,51.508308050234476,-0.11085254445104126,Scenic Lookout
Temple,51.511827906983775,-0.11165907992342378,Roka,51.51331205048269,-0.11619353881481752,Japanese Restaurant
Temple,51.511827906983775,-0.11165907992342378,Somerset House,51.51078575130956,-0.11789917945861816,Event Space
Temple,51.511827906983775,-0.11165907992342378,The Courtauld Gallery,51.5115843854343,-0.11755949510958881,Art Museum
Temple,51.511827906983775,-0.11165907992342378,Seven Stars,51.5149733305941,-0.11345140323730123,Pub
Temple,51.511827906983775,-0.11165907992342378,Pilpel,51.51442009893583,-0.10722533661165626,Falafel Restaurant
Temple,51.511827906983775,-0.11165907992342378,Ye Olde Cheshire Cheese,51.51450483055577,-0.10715305052946843,Pub
Temple,51.511827906983775,-0.11165907992342378,The Delaunay,51.513181,-0.117988,Restaurant
Temple,51.511827906983775,-0.11165907992342378,Lundenwic,51.51282288678408,-0.11834277753045877,Coffee Shop
Temple,51.511827906983775,-0.11165907992342378,OXO Tower Brasserie,51.50838386,-0.10851596,Restaurant
Temple,51.511827906983775,-0.11165907992342378,java java,51.514280947732644,-0.10795784699499111,Coffee Shop
Temple,51.511827906983775,-0.11165907992342378,The Understudy,51.50772531959195,-0.11372354476238447,Pub
Temple,51.511827906983775,-0.11165907992342378,OXO Tower,51.508411707584635,-0.10866374481985792,Building
Temple,51.511827906983775,-0.11165907992342378,Humble Grape,51.513482567091025,-0.10565818189642613,Wine Bar
Temple,51.511827906983775,-0.11165907992342378,ME London,51.51181467,-0.11869521,Hotel
Temple,51.511827906983775,-0.11165907992342378,Press Coffee & Co.,51.515798,-0.111963,Coffee Shop
Temple,51.511827906983775,-0.11165907992342378,Radio,51.51187028817853,-0.11856904895827867,Cocktail Bar
Temple,51.511827906983775,-0.11165907992342378,Gabriel's Wharf,51.50789743346989,-0.11010599322708102,Plaza
Temple,51.511827906983775,-0.11165907992342378,The Waldorf Hilton,51.51248767036642,-0.11869422114832226,Hotel
Temple,51.511827906983775,-0.11165907992342378,The Knights Templar (Wetherspoon),51.515274441071824,-0.11185003942275863,Pub
Temple,51.511827906983775,-0.11165907992342378,Dr Johnson's House,51.51514126466671,-0.1079806429585092,History Museum
Temple,51.511827906983775,-0.11165907992342378,Oxo Tower Restaurant,51.50853930202623,-0.1080974000513004,English Restaurant
Temple,51.511827906983775,-0.11165907992342378,Sea Containers Restaurant,51.50853545346993,-0.10730981826782225,Seafood Restaurant
Temple,51.511827906983775,-0.11165907992342378,Bridewell Theatre,51.51363069388228,-0.10509135026316131,Theater
Temple,51.511827906983775,-0.11165907992342378,"Statue of Hodge, Samuel Johnson's Cat",51.51503631990914,-0.10768208472733498,Outdoor Sculpture
Temple,51.511827906983775,-0.11165907992342378,Coco di Mama,51.515917980600484,-0.10881569241515981,Italian Restaurant
Temple,51.511827906983775,-0.11165907992342378,Pret A Manger,51.51583349286429,-0.11212170124053954,Sandwich Place
Temple,51.511827906983775,-0.11165907992342378,Natural Kitchen,51.515846732433765,-0.10860506385190949,Restaurant
Temple,51.511827906983775,-0.11165907992342378,Pret A Manger,51.51584299368459,-0.10906022524129996,Sandwich Place
Temple,51.511827906983775,-0.11165907992342378,Tas Fetter Lane,51.51535477604732,-0.10927268303198964,Turkish Restaurant
Temple,51.511827906983775,-0.11165907992342378,Crowne Plaza,51.512223,-0.1046223,Hotel
Temple,51.511827906983775,-0.11165907992342378,Aiko,51.515511,-0.111524,Japanese Restaurant
Temple,51.511827906983775,-0.11165907992342378,Grand Union Chancery Lane,51.51631495763006,-0.11126258105025902,Bar
